<a href="a/a1.html">A1</a>,http:a/a1.html
<a href="a/a.html">A</a>,http:a/a.html
<a href="a/aaliyah.html">Aaliyah</a>,http:a/aaliyah.html
<a href="s/saaraaalto.html">Aalto, Saara</a>,http:s/saaraaalto.html
<a href="a/aaradhna.html">Aaradhna</a>,http:a/aaradhna.html
<a href="a/aaroncarpenter.html">Aaron Carpenter</a>,http:a/aaroncarpenter.html
<a href="c/carter.html">Aaron Carter</a>,http:c/carter.html
<a href="a/aaroncole.html">Aaron Cole</a>,http:a/aaroncole.html
<a href="a/aarondoh.html">Aaron Doh</a>,http:a/aarondoh.html
<a href="a/aaronfresh.html">Aaron Fresh</a>,http:a/aaronfresh.html
<a href="a/aarongoodvin.html">Aaron Goodvin</a>,http:a/aarongoodvin.html
<a href="a/aaronlewis.html">Aaron Lewis</a>,http:a/aaronlewis.html
<a href="l/lines.html">Aaron Lines</a>,http:l/lines.html
<a href="a/aaronneville.html">Aaron Neville</a>,http:a/aaronneville.html
<a href="a/aaronshust.html">Aaron Shust</a>,http:a/aaronshust.html
<a href="a/aarontippin.html">Aaron Tippin</a>,http:a/aarontippin.html
<a href="a/aaronwatson.html">Aaron Watson</a>,http:a/aaronwatson.html
<a href="a/abandonallships.html">Abandon All Ships</a>,http:a/abandonallships.html
<a href="a/abandonedpools.html">Abandoned Pools</a>,http:a/abandonedpools.html
<a href="a/abba.html">ABBA</a>,http:a/abba.html
<a href="a/abbyanderson.html">Abby Anderson</a>,http:a/abbyanderson.html
<a href="a/abc.html">ABC</a>,http:a/abc.html
<a href="a/abdul.html">Abdul, Paula</a>,http:a/abdul.html
<a href="z/zakabel.html">Abel, Zak</a>,http:z/zakabel.html
<a href="a/abigailbreslin.html">Abigail Breslin</a>,http:a/abigailbreslin.html
<a href="a/abkanybodykilla.html">ABK (Anybody Killa)</a>,http:a/abkanybodykilla.html
<a href="a/aboudebeing.html">Abou Debeing</a>,http:a/aboudebeing.html
<a href="a/abovebeyond.html">Above &amp; Beyond</a>,http:a/abovebeyond.html
<a href="a/abra.html">Abra</a>,http:a/abra.html
<a href="a/abra490149.html">ABRA</a>,http:a/abra490149.html
<a href="a/abrahammateo.html">Abraham Mateo</a>,http:a/abrahammateo.html
<a href="c/caseyabrams.html">Abrams, Casey</a>,http:c/caseyabrams.html
<a href="a/abs.html">Abs</a>,http:a/abs.html
<a href="a/absofacto.html">Absofacto</a>,http:a/absofacto.html
<a href="a/absoul.html">Ab-Soul</a>,http:a/absoul.html
<a href="a/abstract.html">Abstract</a>,http:a/abstract.html
<a href="a/abu.html">Abu</a>,http:a/abu.html
<a href="a/acaciastrain.html">Acacia Strain, The</a>,http:a/acaciastrain.html
<a href="a/academic.html">Academic, The</a>,http:a/academic.html
<a href="a/academyis.html">Academy Is..., The</a>,http:a/academyis.html
<a href="a/accept.html">Accept</a>,http:a/accept.html
<a href="a/acceptance.html">Acceptance</a>,http:a/acceptance.html
<a href="a/acdc.html">AC/DC</a>,http:a/acdc.html
<a href="a/ace.html">Ace</a>,http:a/ace.html
<a href="a/acefamily.html">ACE Family, The</a>,http:a/acefamily.html
<a href="a/acefrehley.html">Ace Frehley</a>,http:a/acefrehley.html
<a href="a/acehood.html">Ace Hood</a>,http:a/acehood.html
<a href="a/aceofbase.html">Ace Of Base</a>,http:a/aceofbase.html
<a href="a/aces.html">Aces, The</a>,http:a/aces.html
<a href="a/achal.html">A.CHAL</a>,http:a/achal.html
<a href="a/achillelauro.html">Achille Lauro</a>,http:a/achillelauro.html
<a href="a/actionaction.html">Action Action</a>,http:a/actionaction.html
<a href="a/actionbronson.html">Action Bronson</a>,http:a/actionbronson.html
<a href="a/activechild.html">Active Child</a>,http:a/activechild.html
<a href="a/adaband.html">ADA Band</a>,http:a/adaband.html
<a href="m/migoadacer.html">Adacer, Migo</a>,http:m/migoadacer.html
<a href="a/adamant.html">Adam Ant</a>,http:a/adamant.html
<a href="a/adamcraig.html">Adam Craig</a>,http:a/adamcraig.html
<a href="a/adamfriedman.html">Adam Friedman</a>,http:a/adamfriedman.html
<a href="a/adamgontier.html">Adam Gontier</a>,http:a/adamgontier.html
<a href="g/gregory.html">Adam Gregory</a>,http:g/gregory.html
<a href="a/adamjensen.html">Adam Jensen</a>,http:a/adamjensen.html
<a href="a/adamlambert.html">Adam Lambert</a>,http:a/adamlambert.html
<a href="a/adamlevine.html">Adam Levine</a>,http:a/adamlevine.html
<a href="a/adamsaleh.html">Adam Saleh</a>,http:a/adamsaleh.html
<a href="s/sandler.html">Adam Sandler</a>,http:s/sandler.html
<a href="a/adams.html">Adams, Bryan</a>,http:a/adams.html
<a href="c/chloeadams.html">Adams, Chloe</a>,http:c/chloeadams.html
<a href="j/joeladams.html">Adams, Joel</a>,http:j/joeladams.html
<a href="o/oletaadams.html">Adams, Oleta</a>,http:o/oletaadams.html
<a href="p/peterbradleyadams.html">Adams, Peter Bradley</a>,http:p/peterbradleyadams.html
<a href="a/adamsr.html">Adams, Ryan</a>,http:a/adamsr.html
<a href="s/sammyadams.html">Adams, Sammy</a>,http:s/sammyadams.html
<a href="s/simonadams.html">Adams, Simon</a>,http:s/simonadams.html
<a href="a/adamsy.html">Adams, Yolanda</a>,http:a/adamsy.html
<a href="i/ivyadara.html">Adara, Ivy</a>,http:i/ivyadara.html
<a href="a/addisonroad.html">Addison Road</a>,http:a/addisonroad.html
<a href="a/adele.html">Adele</a>,http:a/adele.html
<a href="a/adelen.html">Adelen</a>,http:a/adelen.html
<a href="a/adelitasway.html">Adelitas Way</a>,http:a/adelitasway.html
<a href="a/adeltawil.html">Adel Tawil</a>,http:a/adeltawil.html
<a href="a/adema.html">Adema</a>,http:a/adema.html
<a href="a/adept.html">Adept</a>,http:a/adept.html
<a href="a/adera.html">Adera</a>,http:a/adera.html
<a href="h/howard.html">Adina Howard</a>,http:h/howard.html
<a href="t/traceadkins.html">Adkins, Trace</a>,http:t/traceadkins.html
<a href="a/adnansami.html">Adnan Sami</a>,http:a/adnansami.html
<a href="a/adolescents.html">Adolescents</a>,http:a/adolescents.html
<a href="a/adoredelano.html">Adore Delano</a>,http:a/adoredelano.html
<a href="a/adrianmarcel.html">Adrian Marcel</a>,http:a/adrianmarcel.html
<a href="a/adrielfavela.html">Adriel Favela</a>,http:a/adrielfavela.html
<a href="a/adriennebailon.html">Adrienne Bailon</a>,http:a/adriennebailon.html
<a href="a/adventureclub.html">Adventure Club</a>,http:a/adventureclub.html
<a href="a/aegis.html">Aegis</a>,http:a/aegis.html
<a href="a/aer.html">Aer</a>,http:a/aer.html
<a href="a/aerosmith.html">Aerosmith</a>,http:a/aerosmith.html
<a href="a/aesoprock.html">Aesop Rock</a>,http:a/aesoprock.html
<a href="a/afgan.html">Afgan</a>,http:a/afgan.html
<a href="a/afghanwhigs.html">Afghan Whigs, The</a>,http:a/afghanwhigs.html
<a href="a/afi.html">AFI</a>,http:a/afi.html
<a href="a/afrob.html">Afro B</a>,http:a/afrob.html
<a href="a/afrojack.html">Afrojack</a>,http:a/afrojack.html
<a href="a/afroman.html">Afroman</a>,http:a/afroman.html
<a href="a/after7.html">After 7</a>,http:a/after7.html
<a href="a/afterforever.html">After Forever</a>,http:a/afterforever.html
<a href="a/afters.html">Afters, The</a>,http:a/afters.html
<a href="a/aftertheburial.html">After The Burial</a>,http:a/aftertheburial.html
<a href="a/againstme.html">Against Me!</a>,http:a/againstme.html
<a href="a/againstthecurrent.html">Against The Current</a>,http:a/againstthecurrent.html
<a href="a/agentorange.html">Agent Orange</a>,http:a/agentorange.html
<a href="a/ageofinformation.html">Age Of Information, The</a>,http:a/ageofinformation.html
<a href="a/aggrosantos.html">Aggro Santos</a>,http:a/aggrosantos.html
<a href="a/agnes.html">Agnes</a>,http:a/agnes.html
<a href="a/agnesmonica.html">Agnes Monica</a>,http:a/agnesmonica.html
<a href="a/agnesobel.html">Agnes Obel</a>,http:a/agnesobel.html
<a href="f/faltskog.html">Agnetha Faltskog</a>,http:f/faltskog.html
<a href="t/toddagnew.html">Agnew, Todd</a>,http:t/toddagnew.html
<a href="a/agonist.html">Agonist, The</a>,http:a/agonist.html
<a href="a/agonyscene.html">Agony Scene, The</a>,http:a/agonyscene.html
<a href="f/freddieaguilar.html">Aguilar, Freddie</a>,http:f/freddieaguilar.html
<a href="a/aguilera.html">Aguilera, Christina</a>,http:a/aguilera.html
<a href="a/agustd.html">Agust D</a>,http:a/agustd.html
<a href="a/aha.html">A-ha</a>,http:a/aha.html
<a href="a/ahagazelle.html">Aha Gazelle</a>,http:a/ahagazelle.html
<a href="p/priscillaahn.html">Ahn, Priscilla</a>,http:p/priscillaahn.html
<a href="a/aiden.html">Aiden</a>,http:a/aiden.html
<a href="a/aidengrimshaw.html">Aiden Grimshaw</a>,http:a/aidengrimshaw.html
<a href="a/aidonia.html">Aidonia</a>,http:a/aidonia.html
<a href="a/aiken.html">Aiken, Clay</a>,http:a/aiken.html
<a href="j/jhene.html">Aiko, Jhene</a>,http:j/jhene.html
<a href="a/ailee.html">Ailee</a>,http:a/ailee.html
<a href="a/aimantino.html">Aiman Tino</a>,http:a/aimantino.html
<a href="a/aimeemann.html">Aimee Mann</a>,http:a/aimeemann.html
<a href="a/air.html">Air</a>,http:a/air.html
<a href="a/airbornetoxicevent.html">Airborne Toxic Event, The</a>,http:a/airbornetoxicevent.html
<a href="a/airbourne.html">Airbourne</a>,http:a/airbourne.html
<a href="a/airsupply.html">Air Supply</a>,http:a/airsupply.html
<a href="a/airtrafficcontroller.html">Air Traffic Controller</a>,http:a/airtrafficcontroller.html
<a href="a/aishabadru.html">Aisha Badru</a>,http:a/aishabadru.html
<a href="a/aitana.html">Aitana</a>,http:a/aitana.html
<a href="a/aizaseguerra.html">Aiza Seguerra</a>,http:a/aizaseguerra.html
<a href="a/ajmclean.html">AJ McLean</a>,http:a/ajmclean.html
<a href="a/ajmichalka.html">AJ Michalka</a>,http:a/ajmichalka.html
<a href="a/aj.html">AJ Mitchell</a>,http:a/aj.html
<a href="a/ajr.html">AJR</a>,http:a/ajr.html
<a href="a/ajrafael.html">AJ Rafael</a>,http:a/ajrafael.html
<a href="a/ajtracey.html">AJ Tracey</a>,http:a/ajtracey.html
<a href="a/ajxdeno.html">AJ x Deno</a>,http:a/ajxdeno.html
<a href="a/aka.html">AKA</a>,http:a/aka.html
<a href="a/akcent.html">Akcent</a>,http:a/akcent.html
<a href="a/akdongmusicianakmu.html">Akdong Musician (AKMU)</a>,http:a/akdongmusicianakmu.html
<a href="a/akia.html">Akia</a>,http:a/akia.html
<a href="a/akinyele.html">Akinyele</a>,http:a/akinyele.html
<a href="a/akon.html">Akon</a>,http:a/akon.html
<a href="c/christianakridge.html">Akridge, Christian</a>,http:c/christianakridge.html
<a href="a/alabama.html">Alabama</a>,http:a/alabama.html
<a href="a/alabamashakes.html">Alabama Shakes</a>,http:a/alabamashakes.html
<a href="a/alacranesmusical.html">Alacranes Musical</a>,http:a/alacranesmusical.html
<a href="y/yemialade.html">Alade, Yemi</a>,http:y/yemialade.html
<a href="l/laurenalaina.html">Alaina, Lauren</a>,http:l/laurenalaina.html
<a href="a/alanalee.html">Alana Lee</a>,http:a/alanalee.html
<a href="m/morissette.html">Alanis Morissette</a>,http:m/morissette.html
<a href="j/jacksonal.html">Alan Jackson</a>,http:j/jacksonal.html
<a href="a/alannahmyles.html">Alannah Myles</a>,http:a/alannahmyles.html
<a href="a/alanparsonsproject.html">Alan Parsons Project, The</a>,http:a/alanparsonsproject.html
<a href="a/alanwalker.html">Alan Walker</a>,http:a/alanwalker.html
<a href="a/alaskathunderfuck.html">Alaska Thunderfuck</a>,http:a/alaskathunderfuck.html
<a href="a/alayna.html">Alayna</a>,http:a/alayna.html
<a href="a/alazka.html">ALAZKA</a>,http:a/alazka.html
<a href="d/damonalbarn.html">Albarn, Damon</a>,http:d/damonalbarn.html
<a href="a/alberthammond.html">Albert Hammond</a>,http:a/alberthammond.html
<a href="a/alberthammondjr.html">Albert Hammond, Jr.</a>,http:a/alberthammondjr.html
<a href="z/ziggyalberts.html">Alberts, Ziggy</a>,http:z/ziggyalberts.html
<a href="p/pabloalboran.html">Alboran, Pablo</a>,http:p/pabloalboran.html
<a href="o/ogiealcasid.html">Alcasid, Ogie</a>,http:o/ogiealcasid.html
<a href="a/aldairplayboy.html">Aldair Playboy</a>,http:a/aldairplayboy.html
<a href="j/jasonaldean.html">Aldean, Jason</a>,http:j/jasonaldean.html
<a href="a/aldenrichards.html">Alden Richards</a>,http:a/aldenrichards.html
<a href="a/aldonova.html">Aldo Nova</a>,http:a/aldonova.html
<a href="a/alecbenjamin.html">Alec Benjamin</a>,http:a/alecbenjamin.html
<a href="a/aleesia.html">Aleesia</a>,http:a/aleesia.html
<a href="a/alejandraguzman.html">Alejandra Guzman</a>,http:a/alejandraguzman.html
<a href="a/alejandrofernandez.html">Alejandro Fernandez</a>,http:a/alejandrofernandez.html
<a href="a/alejandrosanz.html">Alejandro Sanz</a>,http:a/alejandrosanz.html
<a href="a/aleman.html">Alemán</a>,http:a/aleman.html
<a href="a/alesana.html">Alesana</a>,http:a/alesana.html
<a href="a/aleshadixon.html">Alesha Dixon</a>,http:a/aleshadixon.html
<a href="a/alessiacara.html">Alessia Cara</a>,http:a/alessiacara.html
<a href="a/alesso.html">Alesso</a>,http:a/alesso.html
<a href="a/alestorm.html">Alestorm</a>,http:a/alestorm.html
<a href="a/alexagoddard.html">Alexa Goddard</a>,http:a/alexagoddard.html
<a href="a/alexailacad.html">Alexa Ilacad</a>,http:a/alexailacad.html
<a href="a/alexaiono.html">Alex Aiono</a>,http:a/alexaiono.html
<a href="d/deanalexander.html">Alexander, Dean</a>,http:d/deanalexander.html
<a href="a/alexanderdiaz.html">Alexander Diaz</a>,http:a/alexanderdiaz.html
<a href="a/alexanderjean.html">Alexander Jean</a>,http:a/alexanderjean.html
<a href="a/alexanderludwig.html">Alexander Ludwig</a>,http:a/alexanderludwig.html
<a href="a/alexanderrybak.html">Alexander Rybak</a>,http:a/alexanderrybak.html
<a href="a/alexandraburke.html">Alexandra Burke</a>,http:a/alexandraburke.html
<a href="a/alexandrastan.html">Alexandra Stan</a>,http:a/alexandrastan.html
<a href="a/alexavega.html">Alexa Vega</a>,http:a/alexavega.html
<a href="a/alexband.html">Alex Band</a>,http:a/alexband.html
<a href="a/alexcameron.html">Alex Cameron</a>,http:a/alexcameron.html
<a href="a/alexcampos.html">Alex Campos</a>,http:a/alexcampos.html
<a href="a/alexclare.html">Alex Clare</a>,http:a/alexclare.html
<a href="a/alexdakid.html">Alex Da Kid</a>,http:a/alexdakid.html
<a href="a/alexday.html">Alex Day</a>,http:a/alexday.html
<a href="a/alexg.html">Alex G</a>,http:a/alexg.html
<a href="a/alexgaudino.html">Alex Gaudino</a>,http:a/alexgaudino.html
<a href="a/alexgonzaga.html">Alex Gonzaga</a>,http:a/alexgonzaga.html
<a href="a/alexgoot.html">Alex Goot</a>,http:a/alexgoot.html
<a href="a/alexhepburn.html">Alex Hepburn</a>,http:a/alexhepburn.html
<a href="a/alexiane.html">Alexiane</a>,http:a/alexiane.html
<a href="a/aleximurdoch.html">Alexi Murdoch</a>,http:a/aleximurdoch.html
<a href="a/alexisjordan.html">Alexis Jordan</a>,http:a/alexisjordan.html
<a href="a/alexisonfire.html">Alexisonfire</a>,http:a/alexisonfire.html
<a href="a/alexisfido.html">Alexis Y Fido</a>,http:a/alexisfido.html
<a href="a/alexlahey.html">Alex Lahey</a>,http:a/alexlahey.html
<a href="a/alexmattson.html">Alex Mattson</a>,http:a/alexmattson.html
<a href="a/alexmica.html">Alex Mica</a>,http:a/alexmica.html
<a href="a/alexparks.html">Alex Parks</a>,http:a/alexparks.html
<a href="a/alexrose.html">Alex Rose</a>,http:a/alexrose.html
<a href="a/alexsensation.html">Alex Sensation</a>,http:a/alexsensation.html
<a href="a/alexsierra.html">Alex &amp; Sierra</a>,http:a/alexsierra.html
<a href="a/alexturner.html">Alex Turner</a>,http:a/alexturner.html
<a href="a/alexvargas.html">Alex Vargas</a>,http:a/alexvargas.html
<a href="a/alexxcalise.html">Alexx Calise</a>,http:a/alexxcalise.html
<a href="a/alexzjohnson.html">Alexz Johnson</a>,http:a/alexzjohnson.html
<a href="a/aleynatilki.html">Aleyna Tilki</a>,http:a/aleynatilki.html
<a href="a/algiers.html">Algiers</a>,http:a/algiers.html
<a href="a/algreen.html">Al Green</a>,http:a/algreen.html
<a href="a/alias.html">Alias</a>,http:a/alias.html
<a href="a/ali-as.html">Ali As</a>,http:a/ali-as.html
<a href="a/alicecooper.html">Alice Cooper</a>,http:a/alicecooper.html
<a href="a/aliceglass.html">Alice Glass</a>,http:a/aliceglass.html
<a href="a/aliceinchains.html">Alice In Chains</a>,http:a/aliceinchains.html
<a href="a/alicekristiansen.html">Alice Kristiansen</a>,http:a/alicekristiansen.html
<a href="a/alicemerton.html">Alice Merton</a>,http:a/alicemerton.html
<a href="a/alicepeacock.html">Alice Peacock</a>,http:a/alicepeacock.html
<a href="a/aliciabridges.html">Alicia Bridges</a>,http:a/aliciabridges.html
<a href="a/aliciakeys.html">Alicia Keys</a>,http:a/aliciakeys.html
<a href="a/aliciamoffet.html">Alicia Moffet</a>,http:a/aliciamoffet.html
<a href="a/alienantfarm.html">Alien Ant Farm</a>,http:a/alienantfarm.html
<a href="a/alienweaponry.html">Alien Weaponry</a>,http:a/alienweaponry.html
<a href="a/alig.html">Ali G</a>,http:a/alig.html
<a href="a/alilohan.html">Ali Lohan</a>,http:a/alilohan.html
<a href="m/maejorali.html">Ali, Maejor</a>,http:m/maejorali.html
<a href="a/alinabaraz.html">Alina Baraz</a>,http:a/alinabaraz.html
<a href="n/nadiaali.html">Ali, Nadia</a>,http:n/nadiaali.html
<a href="a/alinebarros.html">Aline Barros</a>,http:a/alinebarros.html
<a href="a/aliottahaynesjeremiah.html">Aliotta Haynes Jeremiah</a>,http:a/aliottahaynesjeremiah.html
<a href="a/alisaturner.html">Alisa Turner</a>,http:a/alisaturner.html
<a href="a/alishasattic.html">Alisha's Attic</a>,http:a/alishasattic.html
<a href="a/alisongold.html">Alison Gold</a>,http:a/alisongold.html
<a href="k/krauss.html">Alison Krauss</a>,http:k/krauss.html
<a href="a/alisonmoyet.html">Alison Moyet</a>,http:a/alisonmoyet.html
<a href="a/alisonwonderland.html">Alison Wonderland</a>,http:a/alisonwonderland.html
<a href="a/alivelikeme.html">Alive Like Me</a>,http:a/alivelikeme.html
<a href="a/alizee.html">Alizee</a>,http:a/alizee.html
<a href="a/aljames.html">Al James</a>,http:a/aljames.html
<a href="a/aljarreau.html">Al Jarreau</a>,http:a/aljarreau.html
<a href="a/alkaline.html">Alkaline</a>,http:a/alkaline.html
<a href="a/alkalinetrio.html">Alkaline Trio</a>,http:a/alkalinetrio.html
<a href="h/humoodalkhudher.html">AlKhudher, Humood</a>,http:h/humoodalkhudher.html
<a href="a/alkilados.html">Alkilados</a>,http:a/alkilados.html
<a href="a/all4one.html">All 4 One</a>,http:a/all4one.html
<a href="a/allaboutshe.html">All About She</a>,http:a/allaboutshe.html
<a href="a/allamericanrejects.html">All-American Rejects, The</a>,http:a/allamericanrejects.html
<a href="g/garyallan.html">Allan, Gary</a>,http:g/garyallan.html
<a href="a/allanrayman.html">Allan Rayman</a>,http:a/allanrayman.html
<a href="a/allday.html">Allday</a>,http:a/allday.html
<a href="a/allefarben.html">Alle Farben</a>,http:a/allefarben.html
<a href="a/allele.html">Allele</a>,http:a/allele.html
<a href="h/hoodieallen.html">Allen, Hoodie</a>,http:h/hoodieallen.html
<a href="j/jimmieallen.html">Allen, Jimmie</a>,http:j/jimmieallen.html
<a href="k/krisallen.html">Allen, Kris</a>,http:k/krisallen.html
<a href="l/lilyallen.html">Allen, Lily</a>,http:l/lilyallen.html
<a href="a/allenstone.html">Allen Stone</a>,http:a/allenstone.html
<a href="c/candice.html">Alley, Candice</a>,http:c/candice.html
<a href="a/allgoodthings.html">All Good Things</a>,http:a/allgoodthings.html
<a href="a/alliex.html">Allie X</a>,http:a/alliex.html
<a href="a/alligatoah.html">Alligatoah</a>,http:a/alligatoah.html
<a href="a/allisimpson.html">Alli Simpson</a>,http:a/allisimpson.html
<a href="a/allisoniraheta.html">Allison Iraheta</a>,http:a/allisoniraheta.html
<a href="a/allmanbrothersband.html">Allman Brothers Band, The</a>,http:a/allmanbrothersband.html
<a href="a/allmanbrown.html">Allman Brown</a>,http:a/allmanbrown.html
<a href="g/greggallman.html">Allman, Gregg</a>,http:g/greggallman.html
<a href="a/allsaints.html">All Saints</a>,http:a/allsaints.html
<a href="a/allsonsdaughters.html">All Sons &amp; Daughters</a>,http:a/allsonsdaughters.html
<a href="a/allstartribute.html">All-Star Tribute</a>,http:a/allstartribute.html
<a href="a/allstarweekend.html">Allstar Weekend</a>,http:a/allstarweekend.html
<a href="a/allthatremains.html">All That Remains</a>,http:a/allthatremains.html
<a href="a/alltimelow.html">All Time Low</a>,http:a/alltimelow.html
<a href="a/allure.html">Allure</a>,http:a/allure.html
<a href="a/allyburnett.html">Ally Burnett</a>,http:a/allyburnett.html
<a href="a/alma.html">ALMA</a>,http:a/alma.html
<a href="a/alma7758.html">Alma</a>,http:a/alma7758.html
<a href="b/barbiealmalbis.html">Almalbis, Barbie</a>,http:b/barbiealmalbis.html
<a href="a/almighty.html">Almighty</a>,http:a/almighty.html
<a href="a/almost.html">Almost, The</a>,http:a/almost.html
<a href="a/aloeblacc.html">Aloe Blacc</a>,http:a/aloeblacc.html
<a href="a/alok.html">Alok</a>,http:a/alok.html
<a href="a/alonzo.html">Alonzo</a>,http:a/alonzo.html
<a href="h/herbalpert.html">Alpert, Herb</a>,http:h/herbalpert.html
<a href="a/alphabeat.html">Alphabeat</a>,http:a/alphabeat.html
<a href="a/alpharev.html">Alpha Rev</a>,http:a/alpharev.html
<a href="a/alphaville.html">Alphaville</a>,http:a/alphaville.html
<a href="a/alpine.html">Alpine</a>,http:a/alpine.html
<a href="a/alsou.html">Alsou</a>,http:a/alsou.html
<a href="a/alstewart.html">Al Stewart</a>,http:a/alstewart.html
<a href="a/alterbridge.html">Alter Bridge</a>,http:a/alterbridge.html
<a href="a/altiyanchilds.html">Altiyan Childs</a>,http:a/altiyanchilds.html
<a href="a/altj.html">alt-J</a>,http:a/altj.html
<a href="a/alunageorge.html">AlunaGeorge</a>,http:a/alunageorge.html
<a href="a/alvarosoler.html">Alvaro Soler</a>,http:a/alvarosoler.html
<a href="s/sonnyalven.html">Alven, Sonny</a>,http:s/sonnyalven.html
<a href="a/alvinandthechipmunks.html">Alvin And The Chipmunks</a>,http:a/alvinandthechipmunks.html
<a href="t/tiffanyalvord.html">Alvord, Tiffany</a>,http:t/tiffanyalvord.html
<a href="a/alvvays.html">Alvvays</a>,http:a/alvvays.html
<a href="a/alyaj.html">Aly &amp; AJ</a>,http:a/alyaj.html
<a href="a/alysonstoner.html">Alyson Stoner</a>,http:a/alysonstoner.html
<a href="a/alyssareid.html">Alyssa Reid</a>,http:a/alyssareid.html
<a href="r/ryanamador.html">Amador, Ryan</a>,http:r/ryanamador.html
<a href="a/amaiaalfred.html">Amaia &amp; Alfred</a>,http:a/amaiaalfred.html
<a href="a/amaiamontero.html">Amaia Montero</a>,http:a/amaiamontero.html
<a href="a/amanda.html">Amanda</a>,http:a/amanda.html
<a href="a/amandablack.html">Amanda Black</a>,http:a/amandablack.html
<a href="a/amandacook.html">Amanda Cook</a>,http:a/amandacook.html
<a href="a/amandadelara.html">Amanda Delara</a>,http:a/amandadelara.html
<a href="a/amandamarshall.html">Amanda Marshall</a>,http:a/amandamarshall.html
<a href="a/amandapalmer.html">Amanda Palmer</a>,http:a/amandapalmer.html
<a href="p/perez.html">Amanda Perez</a>,http:p/perez.html
<a href="a/amandaseyfried.html">Amanda Seyfried</a>,http:a/amandaseyfried.html
<a href="a/amandasomerville.html">Amanda Somerville</a>,http:a/amandasomerville.html
<a href="a/amandastott.html">Amanda Stott</a>,http:a/amandastott.html
<a href="a/amaralanegra.html">Amara La Negra</a>,http:a/amaralanegra.html
<a href="r/rodrigoamarante.html">Amarante, Rodrigo</a>,http:r/rodrigoamarante.html
<a href="a/amaranthe.html">Amaranthe</a>,http:a/amaranthe.html
<a href="m/melanieamaro.html">Amaro, Melanie</a>,http:m/melanieamaro.html
<a href="a/amazons.html">Amazons, The</a>,http:a/amazons.html
<a href="a/ambermark.html">Amber Mark</a>,http:a/ambermark.html
<a href="a/amberpacific.html">Amber Pacific</a>,http:a/amberpacific.html
<a href="a/amberriley.html">Amber Riley</a>,http:a/amberriley.html
<a href="a/amberrose.html">Amber Rose</a>,http:a/amberrose.html
<a href="a/amberrun.html">Amber Run</a>,http:a/amberrun.html
<a href="a/ambrosia.html">Ambrosia</a>,http:a/ambrosia.html
<a href="m/marshaambrosius.html">Ambrosius, Marsha</a>,http:m/marshaambrosius.html
<a href="a/amelialily.html">Amelia Lily</a>,http:a/amelialily.html
<a href="a/amellarrieux.html">Amel Larrieux</a>,http:a/amellarrieux.html
<a href="a/amenazzy.html">Amenazzy</a>,http:a/amenazzy.html
<a href="a/america.html">America</a>,http:a/america.html
<a href="a/americanaquarium.html">American Aquarium</a>,http:a/americanaquarium.html
<a href="a/americanauthors.html">American Authors</a>,http:a/americanauthors.html
<a href="a/americanfootball.html">American Football</a>,http:a/americanfootball.html
<a href="a/americanhead.html">American Head Charge</a>,http:a/americanhead.html
<a href="a/americanhifi.html">American Hi-Fi</a>,http:a/americanhifi.html
<a href="a/americanjuniors.html">American Juniors</a>,http:a/americanjuniors.html
<a href="a/americannightmare.html">American Nightmare</a>,http:a/americannightmare.html
<a href="a/americanos.html">Americanos, The</a>,http:a/americanos.html
<a href="a/amerie.html">Amerie</a>,http:a/amerie.html
<a href="a/amiciforever.html">Amici Forever</a>,http:a/amiciforever.html
<a href="a/amiel.html">Amiel</a>,http:a/amiel.html
<a href="a/aminabuddafly.html">Amina Buddafly</a>,http:a/aminabuddafly.html
<a href="a/amine.html">Aminé</a>,http:a/amine.html
<a href="a/amir.html">Amir</a>,http:a/amir.html
<a href="a/amityaffliction.html">Amity Affliction, The</a>,http:a/amityaffliction.html
<a href="a/amonamarth.html">Amon Amarth</a>,http:a/amonamarth.html
<a href="v/vanessaamorosi.html">Amorosi, Vanessa</a>,http:v/vanessaamorosi.html
<a href="a/amorphis.html">Amorphis</a>,http:a/amorphis.html
<a href="a/amoslee.html">Amos Lee</a>,http:a/amoslee.html
<a href="a/amos.html">Amos, Tori</a>,http:a/amos.html
<a href="a/amygrant.html">Amy Grant</a>,http:a/amygrant.html
<a href="a/amylee.html">Amy Lee</a>,http:a/amylee.html
<a href="a/amymacdonald.html">Amy Macdonald</a>,http:a/amymacdonald.html
<a href="a/amymeredith.html">Amy Meredith</a>,http:a/amymeredith.html
<a href="a/amypearson.html">Amy Pearson</a>,http:a/amypearson.html
<a href="a/amyshark.html">Amy Shark</a>,http:a/amyshark.html
<a href="s/studt.html">Amy Studt</a>,http:s/studt.html
<a href="a/amywadge.html">Amy Wadge</a>,http:a/amywadge.html
<a href="a/amywinehouse.html">Amy Winehouse</a>,http:a/amywinehouse.html
<a href="a/anagabriel.html">Ana Gabriel</a>,http:a/anagabriel.html
<a href="a/anaguerra.html">Ana Guerra</a>,http:a/anaguerra.html
<a href="j/johnsson.html">Ana Johnsson</a>,http:j/johnsson.html
<a href="a/anamena.html">Ana Mena</a>,http:a/anamena.html
<a href="a/ananda.html">Ananda</a>,http:a/ananda.html
<a href="a/ananyabirla.html">Ananya Birla</a>,http:a/ananyabirla.html
<a href="a/anarbor.html">Anarbor</a>,http:a/anarbor.html
<a href="a/anastacia.html">Anastacia</a>,http:a/anastacia.html
<a href="a/anathema.html">Anathema</a>,http:a/anathema.html
<a href="a/anberlin.html">Anberlin</a>,http:a/anberlin.html
<a href="a/anderslystell.html">Anders Lystell</a>,http:a/anderslystell.html
<a href="b/bonnieanderson.html">Anderson, Bonnie</a>,http:b/bonnieanderson.html
<a href="a/andersoneast.html">Anderson East</a>,http:a/andersoneast.html
<a href="j/johnanderson.html">Anderson, John</a>,http:j/johnanderson.html
<a href="k/keithanderson.html">Anderson, Keith</a>,http:k/keithanderson.html
<a href="l/lyricaanderson.html">Anderson, Lyrica</a>,http:l/lyricaanderson.html
<a href="a/anderson-paak.html">Anderson .Paak</a>,http:a/anderson-paak.html
<a href="a/andiecase.html">Andie Case</a>,http:a/andiecase.html
<a href="a/andmesh.html">Andmesh</a>,http:a/andmesh.html
<a href="b/bobiandonov.html">Andonov, Bobi</a>,http:b/bobiandonov.html
<a href="a/andra.html">Andra</a>,http:a/andra.html
<a href="a/andraandthebackbone.html">Andra And The BackBone</a>,http:a/andraandthebackbone.html
<a href="a/andraday.html">Andra Day</a>,http:a/andraday.html
<a href="a/andre3000.html">Andre 3000</a>,http:a/andre3000.html
<a href="a/andreabocelli.html">Andrea Bocelli</a>,http:a/andreabocelli.html
<a href="a/andreacorr.html">Andrea Corr</a>,http:a/andreacorr.html
<a href="a/andreasbourani.html">Andreas Bourani</a>,http:a/andreasbourani.html
<a href="a/andrenickatina.html">Andre Nickatina</a>,http:a/andrenickatina.html
<a href="a/andre.html">Andre, Peter</a>,http:a/andre.html
<a href="a/andrewallen.html">Andrew Allen</a>,http:a/andrewallen.html
<a href="a/andrewbelle.html">Andrew Belle</a>,http:a/andrewbelle.html
<a href="a/andrewbird.html">Andrew Bird</a>,http:a/andrewbird.html
<a href="a/andrewgarcia.html">Andrew Garcia</a>,http:a/andrewgarcia.html
<a href="a/andrewgold.html">Andrew Gold</a>,http:a/andrewgold.html
<a href="a/andrewjacksonjihad.html">Andrew Jackson Jihad</a>,http:a/andrewjacksonjihad.html
<a href="a/andrewmcmahoninthewilderness.html">Andrew McMahon In The Wilderness</a>,http:a/andrewmcmahoninthewilderness.html
<a href="a/andrewpeterson.html">Andrew Peterson</a>,http:a/andrewpeterson.html
<a href="a/andrews.html">Andrews, Jessica</a>,http:a/andrews.html
<a href="m/meredithandrews.html">Andrews, Meredith</a>,http:m/meredithandrews.html
<a href="a/andrewwk.html">Andrew W.K.</a>,http:a/andrewwk.html
<a href="a/androids.html">Androids</a>,http:a/androids.html
<a href="a/andyblack.html">Andy Black</a>,http:a/andyblack.html
<a href="a/andybrown.html">Andy Brown</a>,http:a/andybrown.html
<a href="a/andygibb.html">Andy Gibb</a>,http:a/andygibb.html
<a href="a/andygrammer.html">Andy Grammer</a>,http:a/andygrammer.html
<a href="a/andykim.html">Andy Kim</a>,http:a/andykim.html
<a href="a/andymineo.html">Andy Mineo</a>,http:a/andymineo.html
<a href="a/andywilliams.html">Andy Williams</a>,http:a/andywilliams.html
<a href="a/anebrun.html">Ane Brun</a>,http:a/anebrun.html
<a href="a/anfarose.html">Anfa Rose</a>,http:a/anfarose.html
<a href="a/angelaammons.html">Angela Ammons</a>,http:a/angelaammons.html
<a href="a/angel.html">Angel</a>,http:a/angel.html
<a href="a/angelhaze.html">Angel Haze</a>,http:a/angelhaze.html
<a href="a/angelinequinto.html">Angeline Quinto</a>,http:a/angelinequinto.html
<a href="s/steveangello.html">Angello, Steve</a>,http:s/steveangello.html
<a href="a/angelolsen.html">Angel Olsen</a>,http:a/angelolsen.html
<a href="a/angelsairwaves.html">Angels &amp; Airwaves</a>,http:a/angelsairwaves.html
<a href="a/angelsfall.html">Angels Fall</a>,http:a/angelsfall.html
<a href="a/angel4453.html">Angel</a>,http:a/angel4453.html
<a href="a/angels.html">Angels, The</a>,http:a/angels.html
<a href="a/angeltaylor.html">Angel Taylor</a>,http:a/angeltaylor.html
<a href="a/anggun.html">Anggun</a>,http:a/anggun.html
<a href="m/martinez.html">Angie Martinez</a>,http:m/martinez.html
<a href="a/angiemcmahon.html">Angie McMahon</a>,http:a/angiemcmahon.html
<a href="a/angiemiller.html">Angie Miller</a>,http:a/angiemiller.html
<a href="s/stonean.html">Angie Stone</a>,http:s/stonean.html
<a href="a/angra.html">Angra</a>,http:a/angra.html
<a href="a/angusjuliastone.html">Angus &amp; Julia Stone</a>,http:a/angusjuliastone.html
<a href="a/angusstone.html">Angus Stone</a>,http:a/angusstone.html
<a href="d/difranco.html">Ani Difranco</a>,http:d/difranco.html
<a href="a/animalcollective.html">Animal Collective</a>,http:a/animalcollective.html
<a href="a/animals.html">Animals, The</a>,http:a/animals.html
<a href="a/animotion.html">Animotion</a>,http:a/animotion.html
<a href="a/anitabaker.html">Anita Baker</a>,http:a/anitabaker.html
<a href="a/anitaward.html">Anita Ward</a>,http:a/anitaward.html
<a href="a/anitawilson.html">Anita Wilson</a>,http:a/anitawilson.html
<a href="a/anitta.html">Anitta</a>,http:a/anitta.html
<a href="a/anji.html">Anji</a>,http:a/anji.html
<a href="a/anjulie.html">Anjulie</a>,http:a/anjulie.html
<a href="p/paulanka.html">Anka, Paul</a>,http:p/paulanka.html
<a href="a/annablue.html">Anna Blue</a>,http:a/annablue.html
<a href="a/annacalvi.html">Anna Calvi</a>,http:a/annacalvi.html
<a href="a/annaclendening.html">Anna Clendening</a>,http:a/annaclendening.html
<a href="a/annagrace.html">AnnaGrace</a>,http:a/annagrace.html
<a href="a/annagraceman.html">Anna Graceman</a>,http:a/annagraceman.html
<a href="a/annahmac.html">Annah Mac</a>,http:a/annahmac.html
<a href="a/annakendrick.html">Anna Kendrick</a>,http:a/annakendrick.html
<a href="a/annaleone.html">Anna Leone</a>,http:a/annaleone.html
<a href="a/annamargaret.html">Anna Margaret</a>,http:a/annamargaret.html
<a href="a/annanaklab.html">Anna Naklab</a>,http:a/annanaklab.html
<a href="a/annanalick.html">Anna Nalick</a>,http:a/annanalick.html
<a href="a/annaofthenorth.html">Anna Of The North</a>,http:a/annaofthenorth.html
<a href="a/annawise.html">Anna Wise</a>,http:a/annawise.html
<a href="a/annehathaway.html">Anne Hathaway</a>,http:a/annehathaway.html
<a href="a/anneliesevanderpol.html">Anneliese Van Der Pol</a>,http:a/anneliesevanderpol.html
<a href="a/annemarie.html">Anne-Marie</a>,http:a/annemarie.html
<a href="a/annemurray.html">Anne Murray</a>,http:a/annemurray.html
<a href="a/annenmaykantereit.html">AnnenMayKantereit</a>,http:a/annenmaykantereit.html
<a href="a/annieleblanc.html">Annie LeBlanc</a>,http:a/annieleblanc.html
<a href="l/lennox.html">Annie Lennox</a>,http:l/lennox.html
<a href="a/annisokay.html">Annisokay</a>,http:a/annisokay.html
<a href="a/annmarie.html">Ann Marie</a>,http:a/annmarie.html
<a href="a/annmarr.html">Ann Marr</a>,http:a/annmarr.html
<a href="a/anohni.html">ANOHNI</a>,http:a/anohni.html
<a href="a/anouk.html">Anouk</a>,http:a/anouk.html
<a href="a/anselelgort.html">Ansel Elgort</a>,http:a/anselelgort.html
<a href="a/answer.html">Answer, The</a>,http:a/answer.html
<a href="a/anth.html">Anth</a>,http:a/anth.html
<a href="a/anthemlights.html">Anthem Lights</a>,http:a/anthemlights.html
<a href="a/anthonyamorim.html">Anthony Amorim</a>,http:a/anthonyamorim.html
<a href="a/anthonybrown.html">Anthony Brown &amp; group therAPy</a>,http:a/anthonybrown.html
<a href="a/anthonycallea.html">Anthony Callea</a>,http:a/anthonycallea.html
<a href="a/anthonydavid.html">Anthony David</a>,http:a/anthonydavid.html
<a href="a/anthonyevans.html">Anthony Evans</a>,http:a/anthonyevans.html
<a href="a/anthonygreen.html">Anthony Green</a>,http:a/anthonygreen.html
<a href="h/hamilton.html">Anthony Hamilton</a>,http:h/hamilton.html
<a href="a/anthonylewis.html">Anthony Lewis</a>,http:a/anthonylewis.html
<a href="a/anthony.html">Anthony, Marc</a>,http:a/anthony.html
<a href="a/anthrax.html">Anthrax</a>,http:a/anthrax.html
<a href="a/antiflag.html">Anti-Flag</a>,http:a/antiflag.html
<a href="a/antlers.html">Antlers, The</a>,http:a/antlers.html
<a href="a/antoinedodson.html">Antoine Dodson</a>,http:a/antoinedodson.html
<a href="a/antonia.html">Antonia</a>,http:a/antonia.html
<a href="a/anuelaa.html">Anuel AA</a>,http:a/anuelaa.html
<a href="a/anuhea.html">Anuhea</a>,http:a/anuhea.html
<a href="a/anya.html">ANYA</a>,http:a/anya.html
<a href="a/anyamarina.html">Anya Marina</a>,http:a/anyamarina.html
<a href="a/aoa.html">AOA</a>,http:a/aoa.html
<a href="s/steveaoki.html">Aoki, Steve</a>,http:s/steveaoki.html
<a href="a/apartment26.html">Apartment 26</a>,http:a/apartment26.html
<a href="k/keithape.html">Ape, Keith</a>,http:k/keithape.html
<a href="a/apekz.html">Apekz</a>,http:a/apekz.html
<a href="a/apextheory.html">Apex Theory</a>,http:a/apextheory.html
<a href="a/aphroditeschild.html">Aphrodite's Child</a>,http:a/aphroditeschild.html
<a href="a/apink.html">Apink</a>,http:a/apink.html
<a href="g/gabrielleaplin.html">Aplin, Gabrielle</a>,http:g/gabrielleaplin.html
<a href="a/apocalyptica.html">Apocalyptica</a>,http:a/apocalyptica.html
<a href="a/apohikingsociety.html">APO Hiking Society</a>,http:a/apohikingsociety.html
<a href="o/omarapollo.html">Apollo, Omar</a>,http:o/omarapollo.html
<a href="a/apple.html">Apple, Fiona</a>,http:a/apple.html
<a href="j/johnnyapple.html">Apple, Johnny</a>,http:j/johnnyapple.html
<a href="s/stevieappleton.html">Appleton, Stevie</a>,http:s/stevieappleton.html
<a href="a/aprilsmith.html">April Smith</a>,http:a/aprilsmith.html
<a href="a/aprilsmithandthegreatpictureshow.html">April Smith And The Great Picture Show</a>,http:a/aprilsmithandthegreatpictureshow.html
<a href="a/aprilwine.html">April Wine</a>,http:a/aprilwine.html
<a href="a/aqua.html">Aqua</a>,http:a/aqua.html
<a href="a/aqualung.html">Aqualung</a>,http:a/aqualung.html
<a href="l/laurenaquilina.html">Aquilina, Lauren</a>,http:l/laurenaquilina.html
<a href="a/aquilo.html">Aquilo</a>,http:a/aquilo.html
<a href="a/aranda.html">Aranda</a>,http:a/aranda.html
<a href="a/arash.html">Arash</a>,http:a/arash.html
<a href="c/cristianoaraujo.html">Araujo, Cristiano</a>,http:c/cristianoaraujo.html
<a href="a/arcadefire.html">Arcade Fire</a>,http:a/arcadefire.html
<a href="a/arcaneroots.html">Arcane Roots</a>,http:a/arcaneroots.html
<a href="a/arcangel.html">Arcangel</a>,http:a/arcangel.html
<a href="a/archenemy.html">Arch Enemy</a>,http:a/archenemy.html
<a href="a/archiebellthedrells.html">Archie Bell &amp; The Drells</a>,http:a/archiebellthedrells.html
<a href="a/archies.html">Archies, The</a>,http:a/archies.html
<a href="a/architects.html">Architects</a>,http:a/architects.html
<a href="a/architectureinhelsinki.html">Architecture In Helsinki</a>,http:a/architectureinhelsinki.html
<a href="a/archive.html">Archive</a>,http:a/archive.html
<a href="d/davidarchuleta.html">Archuleta, David</a>,http:d/davidarchuleta.html
<a href="a/arcs.html">Arcs, The</a>,http:a/arcs.html
<a href="a/arcticmonkeys.html">Arctic Monkeys</a>,http:a/arcticmonkeys.html
<a href="j/jannarden.html">Arden, Jann</a>,http:j/jannarden.html
<a href="a/area11.html">Area 11</a>,http:a/area11.html
<a href="a/area21.html">AREA21</a>,http:a/area21.html
<a href="a/areece.html">A-Reece</a>,http:a/areece.html
<a href="a/arena.html">Arena, Tina</a>,http:a/arena.html
<a href="a/arethafranklin.html">Aretha Franklin</a>,http:a/arethafranklin.html
<a href="a/arianagrande.html">Ariana Grande</a>,http:a/arianagrande.html
<a href="a/arielcamacho.html">Ariel Camacho</a>,http:a/arielcamacho.html
<a href="a/arielpink.html">Ariel Pink</a>,http:a/arielpink.html
<a href="a/arielrivera.html">Ariel Rivera</a>,http:a/arielrivera.html
<a href="a/aries.html">Aries</a>,http:a/aries.html
<a href="a/arihest.html">Ari Hest</a>,http:a/arihest.html
<a href="a/arijitsingh.html">Arijit Singh</a>,http:a/arijitsingh.html
<a href="a/arikakane.html">Arika Kane</a>,http:a/arikakane.html
<a href="a/arilasso.html">Ari Lasso</a>,http:a/arilasso.html
<a href="a/arisa.html">Arisa</a>,http:a/arisa.html
<a href="a/arizona.html">Arizona</a>,http:a/arizona.html
<a href="r/ricardoarjona.html">Arjona, Ricardo</a>,http:r/ricardoarjona.html
<a href="a/arjun.html">Arjun</a>,http:a/arjun.html
<a href="a/arkarna.html">Arkarna</a>,http:a/arkarna.html
<a href="a/arkells.html">Arkells</a>,http:a/arkells.html
<a href="a/arlissa.html">Arlissa</a>,http:a/arlissa.html
<a href="a/arloguthrie.html">Arlo Guthrie</a>,http:a/arloguthrie.html
<a href="a/armada.html">Armada</a>,http:a/armada.html
<a href="a/armancekin.html">Arman Cekin</a>,http:a/armancekin.html
<a href="j/joanarmatrading.html">Armatrading, Joan</a>,http:j/joanarmatrading.html
<a href="k/katiearmiger.html">Armiger, Katie</a>,http:k/katiearmiger.html
<a href="a/arminvanbuuren.html">Armin Van Buuren</a>,http:a/arminvanbuuren.html
<a href="a/armontrey.html">Ar'mon &amp; Trey</a>,http:a/armontrey.html
<a href="a/armorforsleep.html">Armor For Sleep</a>,http:a/armorforsleep.html
<a href="b/billiejoearmstrong.html">Armstrong, Billie Joe</a>,http:b/billiejoearmstrong.html
<a href="l/louisarmstrong.html">Armstrong, Louis</a>,http:l/louisarmstrong.html
<a href="a/armyofanyone.html">Army Of Anyone</a>,http:a/armyofanyone.html
<a href="a/armyofthepharaohs.html">Army Of The Pharaohs</a>,http:a/armyofthepharaohs.html
<a href="a/aronchupa.html">AronChupa</a>,http:a/aronchupa.html
<a href="a/aronwright.html">Aron Wright</a>,http:a/aronwright.html
<a href="a/arrowstoathens.html">Arrows To Athens</a>,http:a/arrowstoathens.html
<a href="a/arshad.html">Arshad</a>,http:a/arshad.html
<a href="a/arsywidianto.html">Arsy Widianto</a>,http:a/arsywidianto.html
<a href="a/artgarfunkel.html">Art Garfunkel</a>,http:a/artgarfunkel.html
<a href="j/jamesarthur.html">Arthur, James</a>,http:j/jamesarthur.html
<a href="j/josepharthur.html">Arthur, Joseph</a>,http:j/josepharthur.html
<a href="a/artistsforgrenfell.html">Artists For Grenfell</a>,http:a/artistsforgrenfell.html
<a href="a/artistsforhaiti.html">Artists For Haiti</a>,http:a/artistsforhaiti.html
<a href="a/artistsofthennowforever.html">Artists Of Then, Now &amp; Forever</a>,http:a/artistsofthennowforever.html
<a href="a/artistsstanduptocancer.html">Artists Stand Up To Cancer</a>,http:a/artistsstanduptocancer.html
<a href="a/artistvspoet.html">Artist vs Poet</a>,http:a/artistvspoet.html
<a href="a/artofdying.html">Art Of Dying</a>,http:a/artofdying.html
<a href="t/tenillearts.html">Arts, Tenille</a>,http:t/tenillearts.html
<a href="a/arty.html">Arty</a>,http:a/arty.html
<a href="a/asa.html">Asa</a>,http:a/asa.html
<a href="a/asafavidan.html">Asaf Avidan</a>,http:a/asafavidan.html
<a href="a/asapferg.html">Asap Ferg</a>,http:a/asapferg.html
<a href="a/asapmob.html">Asap Mob</a>,http:a/asapmob.html
<a href="a/asaprocky.html">Asap Rocky</a>,http:a/asaprocky.html
<a href="a/asbloodrunsblack.html">As Blood Runs Black</a>,http:a/asbloodrunsblack.html
<a href="c/coryasbury.html">Asbury, Cory</a>,http:c/coryasbury.html
<a href="a/aselindebison.html">Aselin Debison</a>,http:a/aselindebison.html
<a href="a/asgeir.html">Asgeir</a>,http:a/asgeir.html
<a href="a/ash.html">Ash</a>,http:a/ash.html
<a href="a/ashanti.html">Ashanti</a>,http:a/ashanti.html
<a href="a/ashb.html">Ash B</a>,http:a/ashb.html
<a href="r/richardashcroft.html">Ashcroft, Richard</a>,http:r/richardashcroft.html
<a href="a/ashe.html">Ashe</a>,http:a/ashe.html
<a href="a/asherangel.html">Asher Angel</a>,http:a/asherangel.html
<a href="a/ashermonroe.html">Asher Monroe</a>,http:a/ashermonroe.html
<a href="a/asherroth.html">Asher Roth</a>,http:a/asherroth.html
<a href="a/ashesdivide.html">Ashes Divide</a>,http:a/ashesdivide.html
<a href="a/ashesremain.html">Ashes Remain</a>,http:a/ashesremain.html
<a href="a/ashkardash.html">Ash Kardash</a>,http:a/ashkardash.html
<a href="s/simpsonash.html">Ashlee Simpson</a>,http:s/simpsonash.html
<a href="a/ashleyallday.html">Ashley All Day</a>,http:a/ashleyallday.html
<a href="b/ballard.html">Ashley Ballard</a>,http:b/ballard.html
<a href="a/ashleymcbryde.html">Ashley McBryde</a>,http:a/ashleymcbryde.html
<a href="a/ashleymonroe.html">Ashley Monroe</a>,http:a/ashleymonroe.html
<a href="a/ashleyparkerangel.html">Ashley Parker Angel</a>,http:a/ashleyparkerangel.html
<a href="a/ashleyroberts.html">Ashley Roberts</a>,http:a/ashleyroberts.html
<a href="a/ashleytisdale.html">Ashley Tisdale</a>,http:a/ashleytisdale.html
<a href="a/ashtonshepherd.html">Ashton Shepherd</a>,http:a/ashtonshepherd.html
<a href="a/asia.html">Asia</a>,http:a/asia.html
<a href="a/asiacruise.html">Asia Cruise</a>,http:a/asiacruise.html
<a href="a/asiandoll.html">Asian Doll</a>,http:a/asiandoll.html
<a href="a/asilaydying.html">As I Lay Dying</a>,http:a/asilaydying.html
<a href="a/asin.html">Asin</a>,http:a/asin.html
<a href="a/asitis.html">As It Is</a>,http:a/asitis.html
<a href="a/askingalexandria.html">Asking Alexandria</a>,http:a/askingalexandria.html
<a href="a/aslyn.html">Aslyn</a>,http:a/aslyn.html
<a href="a/association.html">Association, The</a>,http:a/association.html
<a href="a/asteroidsgalaxytour.html">Asteroids Galaxy Tour, The</a>,http:a/asteroidsgalaxytour.html
<a href="r/rickastley.html">Astley, Rick</a>,http:r/rickastley.html
<a href="a/astonmerrygold.html">Aston Merrygold</a>,http:a/astonmerrygold.html
<a href="a/astrids.html">Astrid S</a>,http:a/astrids.html
<a href="a/astro.html">Astro</a>,http:a/astro.html
<a href="a/ataris.html">Ataris</a>,http:a/ataris.html
<a href="a/atb.html">ATB</a>,http:a/atb.html
<a href="a/atc.html">ATC</a>,http:a/atc.html
<a href="a/ateens.html">A-Teens</a>,http:a/ateens.html
<a href="a/athenacage.html">Athena Cage</a>,http:a/athenacage.html
<a href="a/athlete.html">Athlete</a>,http:a/athlete.html
<a href="a/atifaslam.html">Atif Aslam</a>,http:a/atifaslam.html
<a href="r/rodneyatkins.html">Atkins, Rodney</a>,http:r/rodneyatkins.html
<a href="a/atl.html">ATL</a>,http:a/atl.html
<a href="a/atlantarhythmsection.html">Atlanta Rhythm Section</a>,http:a/atlantarhythmsection.html
<a href="a/atlanticstarr.html">Atlantic Starr</a>,http:a/atlanticstarr.html
<a href="a/atlasgenius.html">Atlas Genius</a>,http:a/atlasgenius.html
<a href="a/atmosphere.html">Atmosphere</a>,http:a/atmosphere.html
<a href="a/atomickitten.html">Atomic Kitten</a>,http:a/atomickitten.html
<a href="a/atomsforpeace.html">Atoms For Peace</a>,http:a/atomsforpeace.html
<a href="a/atomship.html">Atomship</a>,http:a/atomship.html
<a href="a/atrak.html">A-Trak</a>,http:a/atrak.html
<a href="a/atreyu.html">Atreyu</a>,http:a/atreyu.html
<a href="a/attackattack.html">Attack Attack!</a>,http:a/attackattack.html
<a href="a/atthedrivein.html">At The Drive-In</a>,http:a/atthedrivein.html
<a href="a/atthegates.html">At The Gates</a>,http:a/atthegates.html
<a href="a/attila.html">Attila</a>,http:a/attila.html
<a href="a/atwendys.html">At Wendys</a>,http:a/atwendys.html
<a href="a/aubreyoday.html">Aubrey O'Day</a>,http:a/aubreyoday.html
<a href="a/auburn.html">Auburn</a>,http:a/auburn.html
<a href="a/audien.html">Audien</a>,http:a/audien.html
<a href="a/audioadrenaline.html">Audio Adrenaline</a>,http:a/audioadrenaline.html
<a href="a/audiopush.html">Audio Push</a>,http:a/audiopush.html
<a href="a/audioslave.html">Audioslave</a>,http:a/audioslave.html
<a href="a/audiovent.html">Audiovent</a>,http:a/audiovent.html
<a href="a/audreyassad.html">Audrey Assad</a>,http:a/audreyassad.html
<a href="d/danauerbach.html">Auerbach, Dan</a>,http:d/danauerbach.html
<a href="a/august08.html">AUGUST 08</a>,http:a/august08.html
<a href="a/augustalsina.html">August Alsina</a>,http:a/augustalsina.html
<a href="a/augustana.html">Augustana</a>,http:a/augustana.html
<a href="a/augustburnsred.html">August Burns Red</a>,http:a/augustburnsred.html
<a href="c/chrisaugust.html">August, Chris</a>,http:c/chrisaugust.html
<a href="a/augustempire.html">August Empire, The</a>,http:a/augustempire.html
<a href="m/mankirtaulakh.html">Aulakh, Mankirt</a>,http:m/mankirtaulakh.html
<a href="m/marionaunor.html">Aunor, Marion</a>,http:m/marionaunor.html
<a href="a/aura.html">Au/Ra</a>,http:a/aura.html
<a href="a/auradione.html">Aura Dione</a>,http:a/auradione.html
<a href="a/aurora.html">AURORA</a>,http:a/aurora.html
<a href="a/auryn.html">Auryn</a>,http:a/auryn.html
<a href="a/austinbasham.html">Austin Basham</a>,http:a/austinbasham.html
<a href="a/austinburke.html">Austin Burke</a>,http:a/austinburke.html
<a href="a/austinfrench.html">Austin French</a>,http:a/austinfrench.html
<a href="a/austinjones.html">Austin Jones</a>,http:a/austinjones.html
<a href="l/landonaustin.html">Austin, Landon</a>,http:l/landonaustin.html
<a href="a/austinmahone.html">Austin Mahone</a>,http:a/austinmahone.html
<a href="a/austinwebb.html">Austin Webb</a>,http:a/austinwebb.html
<a href="a/australiancrawl.html">Australian Crawl</a>,http:a/australiancrawl.html
<a href="a/authorityzero.html">Authority Zero</a>,http:a/authorityzero.html
<a href="a/autograph.html">Autograph</a>,http:a/autograph.html
<a href="a/automaticloveletter.html">Automatic Loveletter</a>,http:a/automaticloveletter.html
<a href="a/automatic.html">Automatic, The</a>,http:a/automatic.html
<a href="a/autotelic.html">Autotelic</a>,http:a/autotelic.html
<a href="e/emilieautumn.html">Autumn, Emilie</a>,http:e/emilieautumn.html
<a href="a/autumnhill.html">Autumn Hill</a>,http:a/autumnhill.html
<a href="a/avalanchecity.html">Avalanche City</a>,http:a/avalanchecity.html
<a href="a/avalanches.html">Avalanches, The</a>,http:a/avalanches.html
<a href="a/avalon.html">Avalon</a>,http:a/avalon.html
<a href="m/mickeyavalon.html">Avalon, Mickey</a>,http:m/mickeyavalon.html
<a href="a/avamax.html">Ava Max</a>,http:a/avamax.html
<a href="a/avant.html">Avant</a>,http:a/avant.html
<a href="a/avantasia.html">Avantasia</a>,http:a/avantasia.html
<a href="a/avatar.html">Avatar</a>,http:a/avatar.html
<a href="a/avelino.html">Avelino</a>,http:a/avelino.html
<a href="a/avener.html">Avener, The</a>,http:a/avener.html
<a href="a/avengedsevenfold.html">Avenged Sevenfold</a>,http:a/avengedsevenfold.html
<a href="a/aventura.html">Aventura</a>,http:a/aventura.html
<a href="a/averagewhiteband.html">Average White Band</a>,http:a/averagewhiteband.html
<a href="a/avery.html">Avery</a>,http:a/avery.html
<a href="a/averywilson.html">Avery Wilson</a>,http:a/averywilson.html
<a href="a/avettbrothers.html">Avett Brothers, The</a>,http:a/avettbrothers.html
<a href="a/aviation.html">Aviation</a>,http:a/aviation.html
<a href="a/aviators.html">Aviators</a>,http:a/aviators.html
<a href="a/avicii.html">Avicii</a>,http:a/avicii.html
<a href="a/avion.html">Avion</a>,http:a/avion.html
<a href="a/avionroe.html">Avion Roe</a>,http:a/avionroe.html
<a href="a/aviva.html">Aviva</a>,http:a/aviva.html
<a href="a/aviva9040.html">AViVA</a>,http:a/aviva9040.html
<a href="z/zeeavi.html">Avi, Zee</a>,http:z/zeeavi.html
<a href="a/avrielthesequoias.html">Avriel &amp; The Sequoias</a>,http:a/avrielthesequoias.html
<a href="l/lavigne.html">Avril Lavigne</a>,http:l/lavigne.html
<a href="a/awolnation.html">AWOLNATION</a>,http:a/awolnation.html
<a href="a/aws.html">AWS</a>,http:a/aws.html
<a href="a/axeljohansson.html">Axel Johansson</a>,http:a/axeljohansson.html
<a href="a/axelrudipell.html">Axel Rudi Pell</a>,http:a/axelrudipell.html
<a href="a/axewound.html">AxeWound</a>,http:a/axewound.html
<a href="a/axos.html">Axos</a>,http:a/axos.html
<a href="a/axwellingrosso.html">Axwell 